,score_phrase,title,url,platform,score,editors_choice,release_year,release_month,release_day,primary_genre,secondary_genre
0,Amazing,LittleBigPlanet PS Vita,/games/littlebigplanet-vita/vita-98907,PlayStation Vita,9.0,Y,2012,9,12,Platformer,
1,Amazing,LittleBigPlanet PS Vita -- Marvel Super Hero Edition,/games/littlebigplanet-ps-vita-marvel-super-hero-edition/vita-20027059,PlayStation Vita,9.0,Y,2012,9,12,Platformer,
2,Great,Splice: Tree of Life,/games/splice/ipad-141070,iPad,8.5,N,2012,9,12,Puzzle,
3,Great,NHL 13,/games/nhl-13/xbox-360-128182,Xbox 360,8.5,N,2012,9,11,Sports,
4,Great,NHL 13,/games/nhl-13/ps3-128181,PlayStation 3,8.5,N,2012,9,11,Sports,
5,Good,Total War Battles: Shogun,/games/total-war-battles-shogun/mac-142565,Macintosh,7.0,N,2012,9,11,Strategy,
6,Awful,Double Dragon: Neon,/games/double-dragon-neon/xbox-360-131320,Xbox 360,3.0,N,2012,9,11,Fighting,
7,Amazing,Guild Wars 2,/games/guild-wars-2/pc-896298,PC,9.0,Y,2012,9,11,RPG,
8,Awful,Double Dragon: Neon,/games/double-dragon-neon/ps3-131321,PlayStation 3,3.0,N,2012,9,11,Fighting,
9,Good,Total War Battles: Shogun,/games/total-war-battles-shogun/pc-142564,PC,7.0,N,2012,9,11,Strategy,
10,Good,Tekken Tag Tournament 2,/games/tekken-tag-tournament-2/ps3-124584,PlayStation 3,7.5,N,2012,9,11,Fighting,
11,Good,Tekken Tag Tournament 2,/games/tekken-tag-tournament-2/xbox-360-124581,Xbox 360,7.5,N,2012,9,11,Fighting,
12,Good,Wild Blood,/games/wild-blood/iphone-139363,iPhone,7.0,N,2012,9,10,,
13,Amazing,Mark of the Ninja,/games/mark-of-the-ninja-135615/xbox-360-129276,Xbox 360,9.0,Y,2012,9,7,Action, Adventure
14,Amazing,Mark of the Ninja,/games/mark-of-the-ninja-135615/pc-143761,PC,9.0,Y,2012,9,7,Action, Adventure
15,Okay,Home: A Unique Horror Adventure,/games/home-a-unique-horror-adventure/mac-20014750,Macintosh,6.5,N,2012,9,6,Adventure,
16,Okay,Home: A Unique Horror Adventure,/games/home-a-unique-horror-adventure/pc-137135,PC,6.5,N,2012,9,6,Adventure,
17,Great,Avengers Initiative,/games/avengers-initiative/iphone-141579,iPhone,8.0,N,2012,9,5,Action,
18,Mediocre,Way of the Samurai 4,/games/way-of-the-samurai-4/ps3-23516,PlayStation 3,5.5,N,2012,9,3,Action, Adventure
19,Good,JoJo's Bizarre Adventure HD,/games/jojos-bizarre-adventure/xbox-360-137717,Xbox 360,7.0,N,2012,9,3,Fighting,
20,Good,JoJo's Bizarre Adventure HD,/games/jojos-bizarre-adventure/ps3-137896,PlayStation 3,7.0,N,2012,9,3,Fighting,
21,Good,Mass Effect 3: Leviathan,/games/mass-effect-3-leviathan/xbox-360-138918,Xbox 360,7.5,N,2012,8,31,RPG,
22,Good,Mass Effect 3: Leviathan,/games/mass-effect-3-leviathan/ps3-138915,PlayStation 3,7.5,N,2012,8,31,RPG,
23,Good,Mass Effect 3: Leviathan,/games/mass-effect-3-leviathan/pc-138919,PC,7.5,N,2012,8,31,RPG,
24,Amazing,Dark Souls (Prepare to Die Edition),/games/dark-souls-prepare-to-die-edition/pc-131930,PC,9.0,Y,2012,8,31,Action, RPG
25,Good,Symphony,/games/symphony/pc-136470,PC,7.0,N,2012,8,30,Shooter,
26,Amazing,Bastion,/games/bastion/ipad-140874,iPad,9.0,Y,2012,8,30,Action, RPG
27,Good,Tom Clancy's Ghost Recon Phantoms,/games/tom-clancys-ghost-recon-online/pc-109114,PC,7.5,N,2012,8,29,Shooter,
28,Great,Thirty Flights of Loving,/games/thirty-flights-of-loving/pc-138374,PC,8.0,N,2012,8,29,Adventure,
29,Okay,Legasista,/games/legasista/ps3-127147,PlayStation 3,6.5,N,2012,8,28,Action, RPG
30,Amazing,The Walking Dead: The Game -- Episode 3: Long Road Ahead,/games/the-walking-dead-season-1-episode-3/mac-135875,Macintosh,9.0,Y,2012,8,28,Adventure,
31,Great,World of Warcraft: Mists of Pandaria,/games/world-of-warcraft-mists-of-pandaria/pc-114681,PC,8.7,Y,2012,10,4,RPG,
32,Bad,Hell Yeah! Wrath of the Dead Rabbit,/games/hell-yeah-wrath-of-the-dead-rabbit/ps3-129409,PlayStation 3,4.9,N,2012,10,4,Platformer,
33,Amazing,Pokemon White Version 2,/games/pokemon-white-version-2/nds-129228,Nintendo DS,9.6,Y,2012,10,3,RPG,
34,Good,War of the Roses,/games/war-of-the-roses-140577/pc-115849,PC,7.3,N,2012,10,3,Action,
35,Amazing,Pokemon Black Version 2,/games/pokemon-black-version-2/nds-129224,Nintendo DS,9.6,Y,2012,10,3,RPG,
36,Okay,Drakerider,/games/drakerider/iphone-135745,iPhone,6.5,N,2012,10,3,RPG,
37,Amazing,The Walking Dead: The Game -- Episode 3: Long Road Ahead,/games/the-walking-dead-season-1-episode-3/xbox-360-135872,Xbox 360,9.0,Y,2012,8,28,Adventure,
38,Amazing,The Walking Dead: The Game -- Episode 3: Long Road Ahead,/games/the-walking-dead-season-1-episode-3/pc-135874,PC,9.0,Y,2012,8,28,Adventure,
39,Amazing,The Walking Dead: The Game -- Episode 3: Long Road Ahead,/games/the-walking-dead-season-1-episode-3/ps3-135873,PlayStation 3,9.0,Y,2012,8,28,Adventure,
40,Great,Rock Band Blitz,/games/rock-band-blitz/xbox-360-131273,Xbox 360,8.5,Y,2012,8,27,Music,
41,Great,Counter-Strike: Global Offensive,/games/counter-strike-global-offensive/mac-116695,Macintosh,8.0,N,2012,8,27,Shooter,
42,Great,Worms Revolution,/games/worms-revolution/ps3-131184,PlayStation 3,8.5,N,2012,10,2,Strategy,
43,Great,Worms Revolution,/games/worms-revolution/pc-131183,PC,8.5,N,2012,10,2,Strategy,
44,Great,Worms Revolution,/games/worms-revolution/xbox-360-131185,Xbox 360,8.5,N,2012,10,2,Strategy,
45,Amazing,Bad Piggies,/games/bad-piggies/iphone-141455,iPhone,9.2,Y,2012,10,1,Action,
46,Good,Resident Evil 6,/games/resident-evil-6/ps3-85710,PlayStation 3,7.9,N,2012,10,1,Action, Adventure
47,Good,Resident Evil 6,/games/resident-evil-6/xbox-360-117995,Xbox 360,7.9,N,2012,10,1,Action, Adventure
48,Good,Shad'O,/games/shado/pc-141293,PC,7.0,N,2012,9,28,Adventure,
49,Okay,Demon's Score,/games/demons-score/iphone-118050,iPhone,6.9,N,2012,9,27,Action,
50,Amazing,NBA 2K13,/games/nba-2k13/xbox-360-132080,Xbox 360,9.1,Y,2012,9,27,Sports,
51,Great,Counter-Strike: Global Offensive,/games/counter-strike-global-offensive/pc-115451,PC,8.0,N,2012,8,27,Shooter,
52,Amazing,The World Ends with You: Solo Remix,/games/the-world-ends-with-you-solo-remix/ipad-140661,iPad,9.5,Y,2012,8,27,RPG,
53,Great,Counter-Strike: Global Offensive,/games/counter-strike-global-offensive/ps3-115453,PlayStation 3,8.0,N,2012,8,27,Shooter,
54,Amazing,The World Ends with You: Solo Remix,/games/the-world-ends-with-you-solo-remix/iphone-140269,iPhone,9.5,Y,2012,8,27,RPG,
55,Great,Counter-Strike: Global Offensive,/games/counter-strike-global-offensive/xbox-360-115452,Xbox 360,8.0,N,2012,8,27,Shooter,
56,Okay,Madden NFL 13,/games/madden-nfl-2013/vita-128100,PlayStation Vita,6.0,N,2012,8,24,Sports,
57,Amazing,Madden NFL 13,/games/madden-nfl-2013/ps3-128098,PlayStation 3,9.0,Y,2012,8,24,Sports,
58,Amazing,Madden NFL 13,/games/madden-nfl-2013/xbox-360-128097,Xbox 360,9.0,Y,2012,8,24,Sports,
59,Painful,Hoodwink,/games/hoodwink/pc-136672,PC,2.5,N,2012,8,23,Adventure,
60,Amazing,NBA 2K13,/games/nba-2k13/ps3-132077,PlayStation 3,9.1,Y,2012,9,27,Sports,
61,Amazing,NBA 2K13,/games/nba-2k13/pc-140490,PC,9.1,Y,2012,9,27,Sports,
62,Good,Lili: Child of Geos,/games/lili/iphone-138013,iPhone,7.0,N,2012,9,26,Adventure,
63,Great,Marvel vs. Capcom Origins,/games/marvel-vs-capcom-origins/xbox-360-137157,Xbox 360,8.2,N,2012,9,26,Fighting,
64,Great,Marvel vs. Capcom Origins,/games/marvel-vs-capcom-origins/ps3-137160,PlayStation 3,8.2,N,2012,9,26,Fighting,
65,Great,Dead or Alive 5,/games/dead-or-alive-5/ps3-117918,PlayStation 3,8.8,N,2012,9,25,Fighting,
66,Great,Dead or Alive 5,/games/dead-or-alive-5/xbox-360-866449,Xbox 360,8.8,N,2012,9,25,Fighting,
67,Bad,Medal of Honor Warfighter,/games/medal-of-honor-warfighter/pc-101082,PC,4.0,N,2012,10,26,Shooter,
68,Great,Professor Layton and the Miracle Mask,/games/professor-layton-and-the-mask-of-miracle/3ds-77742,Nintendo 3DS,8.7,Y,2012,10,26,Adventure,
69,Great,Hotline Miami,/games/hotline-miami/pc-139657,PC,8.8,Y,2012,10,26,Action,
70,Okay,Edna & Harvey: Harvey's New Eyes,/games/edna-harvey-harveys-new-eyes/pc-145776,PC,6.0,N,2012,10,26,Adventure,
71,Bad,Medal of Honor Warfighter,/games/medal-of-honor-warfighter/ps3-101085,PlayStation 3,4.0,N,2012,10,26,Shooter,
72,Bad,Medal of Honor Warfighter,/games/medal-of-honor-warfighter/xbox-360-101086,Xbox 360,4.0,N,2012,10,26,Shooter,
73,Great,Transformers: Fall of Cybertron,/games/transformers-fall-of-cybertron/xbox-360-92426,Xbox 360,8.5,N,2012,8,21,Shooter,
74,Great,Transformers: Fall of Cybertron,/games/transformers-fall-of-cybertron/ps3-92425,PlayStation 3,8.5,N,2012,8,21,Shooter,
75,Amazing,Hero Academy,/games/hero-academy-136971/pc-122908,PC,9.0,Y,2012,8,20,Board,
76,Amazing,Hero Academy,/games/hero-academy-136971/iphone-122803,iPhone,9.0,Y,2012,8,20,Strategy,
77,Amazing,Puzzle Craft,/games/puzzlecraft/iphone-134348,iPhone,9.0,Y,2012,8,17,Puzzle,
78,Mediocre,Realms Of Ancient War,/games/realms-of-ancient-war/xbox-360-111182,Xbox 360,5.5,N,2012,9,24,Action,
79,Mediocre,Realms Of Ancient War,/games/realms-of-ancient-war/ps3-111181,PlayStation 3,5.5,N,2012,9,24,Action,
80,Great,Anomaly: Warzone Earth,/games/anomaly-warzone-earth/ps3-138479,PlayStation 3,8.2,N,2012,9,23,Action,
81,Good,Darksiders II,/games/darksiders-2/pc-91963,PC,7.5,N,2012,8,17,Action,
82,Good,Left 4 Dead 2: Cold Stream,/games/left-4-dead-2-cold-stream/mac-140189,Macintosh,7.0,N,2012,8,17,Shooter,
83,Good,Left 4 Dead 2: Cold Stream,/games/left-4-dead-2-cold-stream/pc-140187,PC,7.0,N,2012,8,17,Shooter,
84,Amazing,Puzzle Craft,/games/puzzlecraft/android-134352,Android,9.0,Y,2012,8,17,Puzzle,
85,Good,Left 4 Dead 2: Cold Stream,/games/left-4-dead-2-cold-stream/xbox-360-140188,Xbox 360,7.0,N,2012,8,17,Shooter,
86,Amazing,Horn,/games/horn/iphone-136814,iPhone,9.0,Y,2012,8,16,Action, Adventure
87,Amazing,Forza Horizon,/games/forza-horizon/xbox-360-129564,Xbox 360,9.0,Y,2012,10,12,Racing,
88,Bad,FIFA Soccer 13,/games/fifa-2013/vita-115689,PlayStation Vita,4.0,N,2012,10,12,Sports,
89,Awful,Mugen Souls,/games/mugen-souls/ps3-120256,PlayStation 3,3.9,N,2012,10,12,Strategy, RPG
90,Good,Crazy Taxi,/games/crazy-taxi/iphone-144755,iPhone,7.1,N,2012,10,11,Racing, Action
91,Mediocre,New Little King's Story,/games/new-kings-story/vita-116369,PlayStation Vita,5.8,N,2012,10,11,RPG,
92,Good,Fable: The Journey,/games/fable-the-journey/xbox-360-27948,Xbox 360,7.2,N,2012,10,9,Action, RPG
93,Great,The Lord of the Rings Online: Riders of Rohan,/games/the-lord-of-the-rings-online-riders-of-rohan/pc-127207,PC,8.3,N,2012,10,26,RPG,
94,Good,Doom 3: BFG Edition,/games/doom-3/xbox-360-135333,Xbox 360,7.6,N,2012,10,25,RPG,
95,Okay,Rugby League Live 2,/games/rugby-league-live-2/xbox-360-136983,Xbox 360,6.0,N,2012,10,25,Sports,
96,Okay,Rugby League Live 2,/games/rugby-league-live-2/ps3-136984,PlayStation 3,6.0,N,2012,10,25,Sports,
97,Good,Doom 3: BFG Edition,/games/doom-3/ps3-135329,PlayStation 3,7.6,N,2012,10,25,RPG,
98,Amazing,Punch Quest,/games/punch-quest/iphone-136667,iPhone,9.3,Y,2012,10,25,Action,
99,Okay,He-Man: The Most Powerful Game in the Universe,/games/he-man-the-most-powerful-game-in-the-universe/iphone-144763,iPhone,6.8,N,2012,10,25,Action,
100,Good,Doom 3: BFG Edition,/games/doom-3/pc-135338,PC,7.6,N,2012,10,25,RPG,
101,Great,Dokuro,/games/dokuro/vita-130906,PlayStation Vita,8.8,N,2012,10,19,Puzzle,
102,Painful,Naughty Bear: Panic in Paradise,/games/naughty-bear-panic-in-paradise/xbox-360-135404,Xbox 360,2.3,N,2012,10,18,Action,
103,Painful,Naughty Bear: Panic in Paradise,/games/naughty-bear-panic-in-paradise/ps3-135407,PlayStation 3,2.3,N,2012,10,18,Action,
104,Good,Borderlands 2: Captain Scarlett and her Pirate's Booty,/games/borderlands-2-captain-scarlett-and-her-pirates-booty/ps3-145419,PlayStation 3,7.5,N,2012,10,18,Shooter, RPG
105,Great,Skylanders Giants,/games/skylanders-giants/ps3-128142,PlayStation 3,8.0,N,2012,10,18,Action, Adventure
106,Good,Borderlands 2: Captain Scarlett and her Pirate's Booty,/games/borderlands-2-captain-scarlett-and-her-pirates-booty/pc-145418,PC,7.5,N,2012,10,18,Shooter, RPG
107,Great,Rayman: Jungle Run,/games/rayman-jungle-run/iphone-141641,iPhone,8.8,N,2012,9,20,Platformer,
108,Amazing,FIFA Soccer 13,/games/fifa-2013/pc-115688,PC,9.0,Y,2012,9,20,Sports,
109,Amazing,FIFA Soccer 13,/games/fifa-2013/ps3-115679,PlayStation 3,9.0,Y,2012,9,20,Sports,
110,Amazing,Torchlight II,/games/torchlight-ii/pc-82633,PC,9.1,Y,2012,9,20,Action, RPG
111,Amazing,FIFA Soccer 13,/games/fifa-2013/xbox-360-115691,Xbox 360,9.0,Y,2012,9,20,Sports,
112,Bad,The Sims 3: Supernatural,/games/the-sims-3-supernatural/pc-136180,PC,4.5,N,2012,9,19,Simulation,
113,Good,Retro/Grade,/games/retrograde-138590/ps3-21766,PlayStation 3,7.0,N,2012,8,15,,
114,Amazing,Iron Brigade,/games/iron-brigade/pc-121033,PC,9.0,Y,2012,8,15,Action,
115,Okay,Cafeteria Nipponica,/games/cafeteria-nipponica/iphone-139633,iPhone,6.0,N,2012,8,15,Simulation,
116,Great,Sleeping Dogs,/games/sleeping-dogs/xbox-360-14279324,Xbox 360,8.5,N,2012,8,14,Action,
117,Great,Sleeping Dogs,/games/sleeping-dogs/ps3-55068,PlayStation 3,8.5,N,2012,8,14,Action,
118,Good,Darksiders II,/games/darksiders-2/ps3-14336767,PlayStation 3,7.5,N,2012,8,14,Action,
119,Bad,Papo & Yo,/games/papo-and-yo/ps3-110267,PlayStation 3,4.0,N,2012,8,14,Adventure,
120,Good,The Walking Dead: The Game -- Episode 4: Around Every Corner,/games/the-walking-dead-season-1-episode-4/pc-135879,PC,7.5,N,2012,10,9,Adventure,
121,Good,The Walking Dead: The Game -- Episode 4: Around Every Corner,/games/the-walking-dead-season-1-episode-4/ipad-135882,iPad,7.5,N,2012,10,9,Adventure,
122,Good,The Walking Dead: The Game -- Episode 4: Around Every Corner,/games/the-walking-dead-season-1-episode-4/ps3-135880,PlayStation 3,7.5,N,2012,10,9,Adventure,
123,Mediocre,Cortex Command,/games/cortex-command/pc-14333880,PC,5.0,N,2012,10,9,Action, Simulation
124,Good,The Walking Dead: The Game -- Episode 4: Around Every Corner,/games/the-walking-dead-season-1-episode-4/xbox-360-135881,Xbox 360,7.5,N,2012,10,9,Adventure,
125,Good,Derrick the Deathfin,/games/derrick-the-deathfin-133942/ps3-129921,PlayStation 3,7.4,N,2012,10,9,Action,
126,Good,The Walking Dead: The Game -- Episode 4: Around Every Corner,/games/the-walking-dead-season-1-episode-4/mac-135878,Macintosh,7.5,N,2012,10,9,Adventure,
127,Great,XCOM: Enemy Unknown,/games/xcom-enemy-unknown/xbox-360-126074,Xbox 360,8.2,N,2012,10,8,Strategy,
128,Great,XCOM: Enemy Unknown,/games/xcom-enemy-unknown/pc-126070,PC,8.2,N,2012,10,8,Strategy,
129,Okay,Silent Hill: Book of Memories,/games/silent-hill-book-of-memories/vita-110040,PlayStation Vita,6.0,N,2012,10,24,Adventure,
130,Good,Diaspora: Shattered Armistice,/games/diaspora-shattered-armistice/pc-145951,PC,7.4,N,2012,10,24,Flight, Action
131,Okay,Pocket Clothier,/games/pocket-clothier/iphone-145621,iPhone,6.6,N,2012,10,24,Strategy,
132,Okay,Pocket Clothier,/games/pocket-clothier/android-145958,Android,6.6,N,2012,10,24,Strategy,
133,Okay,Ravaged,/games/ravaged-135376/pc-128650,PC,6.7,N,2012,10,23,Shooter,
134,Okay,True Skate,/games/true-skate/iphone-145482,iPhone,6.7,N,2012,10,23,Sports,
135,Amazing,Zero Escape: Virtue's Last Reward,/games/virtues-last-reward/3ds-116383,Nintendo 3DS,9.5,Y,2012,10,23,Adventure,
136,Amazing,Zero Escape: Virtue's Last Reward,/games/virtues-last-reward/vita-116380,PlayStation Vita,9.5,Y,2012,10,23,Adventure,
137,Amazing,The Walking Dead: The Game -- Episode 3: Long Road Ahead,/games/the-walking-dead-season-1-episode-3/ipad-135871,iPad,9.0,Y,2012,10,22,Adventure,
138,Great,Skylanders Giants,/games/skylanders-giants/xbox-360-128140,Xbox 360,8.0,N,2012,10,18,Action, Adventure
139,Great,Skylanders Giants,/games/skylanders-giants/wii-128141,Wii,8.0,N,2012,10,18,Action, Adventure
140,Good,Borderlands 2: Captain Scarlett and her Pirate's Booty,/games/borderlands-2-captain-scarlett-and-her-pirates-booty/xbox-360-145420,Xbox 360,7.5,N,2012,10,18,Shooter, RPG
141,Great,Devil's Attorney,/games/devils-attorney/android-145462,Android,8.3,N,2012,10,17,Strategy,
142,Great,Devil's Attorney,/games/devils-attorney/iphone-145099,iPhone,8.3,N,2012,10,17,Strategy,
143,Okay,Code of Princess,/games/code-of-princess-135813/3ds-125676,Nintendo 3DS,6.9,N,2012,10,17,Action, RPG
144,Great,SunFlowers,/games/sun-flowers-134128/vita-132435,PlayStation Vita,8.0,N,2012,10,17,Puzzle,
145,Bad,007 Legends,/games/007-legends/xbox-360-132394,Xbox 360,4.5,N,2012,10,16,Action,
146,Amazing,Super Hexagon,/games/super-hexagon/iphone-143440,iPhone,9.0,N,2012,9,19,Action,
147,Great,Machinarium,/games/machinarium/ps3-110942,PlayStation 3,8.0,N,2012,9,18,Adventure,
148,Great,Final Fantasy Dimensions,/games/final-fantasy-dimensions/iphone-135306,iPhone,8.0,N,2012,9,18,RPG,
149,Great,They Bleed Pixels,/games/they-bleed-pixels/pc-141012,PC,8.2,N,2012,9,18,Platformer,
150,Good,Jet Set Radio,/games/jet-set-radio/vita-135073,PlayStation Vita,7.5,N,2012,9,17,Action,
151,Good,Jet Set Radio,/games/jet-set-radio/ps3-129168,PlayStation 3,7.5,N,2012,9,17,Action,
152,Good,Jet Set Radio,/games/jet-set-radio/xbox-360-129165,Xbox 360,7.5,N,2012,9,17,Action,
153,Great,Pro Evolution Soccer 2013,/games/pro-evolution-soccer-2013/xbox-360-133009,Xbox 360,8.5,Y,2012,9,17,Sports,
154,Amazing,F1 2012,/games/f1-2012/pc-130383,PC,9.0,Y,2012,9,17,Racing,
155,Good,Darksiders II,/games/darksiders-2/xbox-360-14336768,Xbox 360,7.5,N,2012,8,14,Action,
156,Good,Pitfall,/games/pitfall-working-title/iphone-137420,iPhone,7.0,N,2012,8,13,Platformer,
157,Great,Dust: An Elysian Tail,/games/dust-an-elysian-tail-139696/xbox-360-77719,Xbox 360,8.5,N,2012,8,13,Platformer,
158,Great,Hybrid,/games/hybrid-140542/xbox-360-37860,Xbox 360,8.0,N,2012,8,13,Shooter,
159,Mediocre,The Dark Knight Rises,/games/the-dark-knight-rises/iphone-130653,iPhone,5.5,N,2012,8,10,Action,
160,Good,10000000,/games/10000000/iphone-139135,iPhone,7.5,N,2012,8,9,,
161,Okay,The Political Machine 2012,/games/the-political-machine-2012/pc-131306,PC,6.5,N,2012,8,9,Strategy,
162,Amazing,Sound Shapes,/games/sound-shapes-queasy-games/ps3-135578,PlayStation 3,9.0,Y,2012,8,8,Platformer,
163,Amazing,Sound Shapes,/games/sound-shapes-queasy-games/vita-110145,PlayStation Vita,9.0,Y,2012,8,8,Platformer,
164,Okay,One Piece: Pirate Warriors,/games/one-piece-pirate-warriors/ps3-116782,PlayStation 3,6.0,N,2012,10,8,Action,
165,Great,XCOM: Enemy Unknown,/games/xcom-enemy-unknown/ps3-126073,PlayStation 3,8.2,N,2012,10,8,Strategy,
166,Amazing,Dishonored,/games/dishonored/xbox-360-112932,Xbox 360,9.2,Y,2012,10,7,Action,
167,Amazing,Dishonored,/games/dishonored/pc-112928,PC,9.2,Y,2012,10,7,Action,
168,Amazing,Dishonored,/games/dishonored/ps3-112931,PlayStation 3,9.2,Y,2012,10,7,Action,
169,Good,Angry Birds Trilogy,/games/angry-birds-trilogy/3ds-82424,Nintendo 3DS,7.0,N,2012,10,6,Puzzle, Action
170,Good,Angry Birds Trilogy,/games/angry-birds-trilogy/xbox-360-88826,Xbox 360,7.0,N,2012,10,6,Puzzle, Action
171,Good,Angry Birds Trilogy,/games/angry-birds-trilogy/ps3-135852,PlayStation 3,7.0,N,2012,10,6,Puzzle, Action
172,Great,Girls Like Robots,/games/girls-like-robots/iphone-145093,iPhone,8.5,N,2012,10,19,Puzzle,
173,Bad,Happy Wars,/games/happy-wars/xbox-360-64840,Xbox 360,4.0,N,2012,10,19,Action,
174,Bad,007 Legends,/games/007-legends/ps3-132391,PlayStation 3,4.5,N,2012,10,16,Action,
175,Amazing,Funky Smugglers,/games/funky-smugglers/iphone-145106,iPhone,9.0,Y,2012,10,16,Action,
176,Okay,Colour Bind,/games/colour-bind/pc-143757,PC,6.2,N,2012,10,15,,
177,Mediocre,WRC 3 FIA World Rally Championship,/games/wrc-3-fia-world-rally-championship/xbox-360-131357,Xbox 360,5.0,N,2012,10,15,Racing,
178,Mediocre,WRC 3 FIA World Rally Championship,/games/wrc-3-fia-world-rally-championship/pc-131360,PC,5.0,N,2012,10,15,Racing,
179,Mediocre,Retro City Rampage,/games/retro-city-rampage/ps3-128971,PlayStation 3,5.3,N,2012,10,15,Action, Adventure
180,Mediocre,Retro City Rampage,/games/retro-city-rampage/pc-129032,PC,5.3,N,2012,10,15,Action, Adventure
181,Great,Dance Central 3,/games/dance-central-3/xbox-360-135601,Xbox 360,8.0,N,2012,10,15,Music,
182,Mediocre,WRC 3 FIA World Rally Championship,/games/wrc-3-fia-world-rally-championship/ps3-131361,PlayStation 3,5.0,N,2012,10,15,Racing,
183,Mediocre,Snapshot,/games/snapshot/pc-143174,PC,5.0,N,2012,9,17,Platformer,
184,Amazing,F1 2012,/games/f1-2012/ps3-130382,PlayStation 3,9.0,Y,2012,9,17,Racing,
185,Great,Pro Evolution Soccer 2013,/games/pro-evolution-soccer-2013/ps3-133012,PlayStation 3,8.5,Y,2012,9,17,Sports,
186,Amazing,F1 2012,/games/f1-2012/xbox-360-130379,Xbox 360,9.0,Y,2012,9,17,Racing,
187,Great,Pro Evolution Soccer 2013,/games/pro-evolution-soccer-2013/pc-133014,PC,8.5,Y,2012,9,17,Sports,
188,Amazing,Borderlands 2,/games/borderlands-2/xbox-360-94188,Xbox 360,9.0,Y,2012,9,13,Shooter, RPG
189,Amazing,Borderlands 2,/games/borderlands-2/pc-94190,PC,9.0,Y,2012,9,13,Shooter, RPG
190,Great,Joe Danger: The Movie,/games/joe-danger-the-movie/xbox-360-115463,Xbox 360,8.0,N,2012,9,13,Action,
191,Amazing,Borderlands 2,/games/borderlands-2/ps3-94189,PlayStation 3,9.0,Y,2012,9,13,Shooter, RPG
192,Amazing,Sound Shapes,/games/sound-shapes-queasy-games/ps4-20007461,PlayStation 4,9.0,Y,2012,8,8,Platformer,
193,Amazing,Persona 4 Arena,/games/persona-4-arena/ps3-116910,PlayStation 3,9.0,Y,2012,8,7,Fighting,
194,Amazing,Persona 4 Arena,/games/persona-4-arena/xbox-360-116913,Xbox 360,9.0,Y,2012,8,7,Fighting,
195,Bad,Hell Yeah! Wrath of the Dead Rabbit,/games/hell-yeah-wrath-of-the-dead-rabbit/pc-129413,PC,4.9,N,2012,10,4,Platformer,
196,Bad,Hell Yeah! Wrath of the Dead Rabbit,/games/hell-yeah-wrath-of-the-dead-rabbit/xbox-360-129412,Xbox 360,4.9,N,2012,10,4,Platformer,
197,Mediocre,Retro City Rampage,/games/retro-city-rampage/vita-128972,PlayStation Vita,5.3,N,2012,10,15,Action, Adventure
198,Amazing,The Unfinished Swan,/games/the-unfinished-swan/ps3-133433,PlayStation 3,9.0,Y,2012,10,14,Puzzle,
199,Great,Tokyo Jungle,/games/tokyo-jungle-139049/ps3-85484,PlayStation 3,8.0,N,2012,9,13,Adventure,
200,Amazing,Halo 4,/games/halo-4/xbox-360-110563,Xbox 360,9.8,Y,2012,11,1,Shooter,
201,Amazing,Halo 4 (Limited Edition),/games/halo-4/xbox-360-134637,Xbox 360,9.8,Y,2012,11,1,Shooter,
202,Good,Zone of the Enders HD Collection,/games/zone-of-the-enders-hd-collection/ps3-110049,PlayStation 3,7.0,N,2012,11,1,Action, Compilation
203,Great,Harvest Moon: A New Beginning,/games/harvest-moon-hajimari-no-daichi/3ds-120299,Nintendo 3DS,8.3,N,2012,11,1,Adventure,
204,Good,Zone of the Enders HD Collection,/games/zone-of-the-enders-hd-collection/xbox-360-110060,Xbox 360,7.0,N,2012,11,1,Action, Compilation
205,Okay,Borderlands Legends,/games/borderlands-legends/iphone-145721,iPhone,6.5,N,2012,10,31,Action, RPG
206,Okay,Borderlands Legends,/games/borderlands-legends/ipad-145832,iPad,6.5,N,2012,10,31,Action, RPG
207,Amazing,Okami HD,/games/okami/ps3-136378,PlayStation 3,9.4,Y,2012,10,30,Adventure,
208,Mediocre,Ragnarok Odyssey,/games/ragnarok-odyssey/vita-117348,PlayStation Vita,5.0,N,2012,10,30,RPG,
209,Okay,Need for Speed Most Wanted,/games/need-for-speed-most-wanted-2012/iphone-135825,iPhone,6.9,N,2012,10,30,Racing, Action
210,Good,Pid,/games/pid/xbox-360-124089,Xbox 360,7.8,N,2012,10,30,Platformer,
211,Good,Pid,/games/pid/pc-124085,PC,7.8,N,2012,10,30,Platformer,
212,Good,Pid,/games/pid/ps3-124088,PlayStation 3,7.8,N,2012,10,30,Platformer,
213,Amazing,Need for Speed Most Wanted,/games/need-for-speed-most-wanted-2012/ps3-126560,PlayStation 3,9.0,Y,2012,10,30,Racing, Action
214,Great,Assassin's Creed III,/games/assassins-creed-iii/xbox-360-128701,Xbox 360,8.5,N,2012,10,30,Action, Adventure
215,Amazing,Need for Speed Most Wanted,/games/need-for-speed-most-wanted-2012/xbox-360-135486,Xbox 360,9.0,Y,2012,10,30,Racing, Action
216,Good,Assassin's Creed III: Liberation,/games/assassins-creed-vita/vita-115670,PlayStation Vita,7.2,N,2012,10,30,Action,
217,Great,Smart As...,/games/smart-as-135038/vita-98920,PlayStation Vita,8.5,N,2012,10,30,Educational, Puzzle
218,Great,Assassin's Creed III,/games/assassins-creed-iii/ps3-128700,PlayStation 3,8.5,N,2012,10,30,Action, Adventure
219,Amazing,Need for Speed Most Wanted,/games/need-for-speed-most-wanted-2012/pc-135628,PC,9.0,Y,2012,10,30,Racing, Action
220,Great,WWE '13,/games/wwe-13/ps3-127917,PlayStation 3,8.4,N,2012,10,29,Wrestling,
221,Okay,Street Fighter x Tekken,/games/street-fighter-x-tekken/vita-110720,PlayStation Vita,6.6,N,2012,10,29,Fighting,
222,Great,WWE '13,/games/wwe-13/xbox-360-127923,Xbox 360,8.4,N,2012,10,29,Wrestling,
223,Good,Chivalry: Medieval Warfare,/games/chivalry-medieval-warfare-142591/pc-75122,PC,7.9,N,2012,10,29,Adventure,
224,Good,Sonic Jump,/games/sonic-jump-2012/iphone-144482,iPhone,7.5,N,2012,10,29,Platformer,
225,Mediocre,F1 Race Stars,/games/f1-race-stars/xbox-360-137846,Xbox 360,5.2,N,2012,11,13,Racing,
226,Amazing,Call of Duty: Black Ops II,/games/call-of-duty-black-ops-ii/pc-126314,PC,9.3,Y,2012,11,13,Shooter,
227,Mediocre,F1 Race Stars,/games/f1-race-stars/ps3-137849,PlayStation 3,5.2,N,2012,11,13,Racing,
228,Mediocre,Midway Arcade Origins,/games/midway-arcade-origins/ps3-143385,PlayStation 3,5.5,N,2012,11,13,Action, Compilation
229,Mediocre,Midway Arcade Origins,/games/midway-arcade-origins/xbox-360-143382,Xbox 360,5.5,N,2012,11,13,Action, Compilation
230,Amazing,Call of Duty: Black Ops II,/games/call-of-duty-black-ops-ii/xbox-360-126311,Xbox 360,9.3,Y,2012,11,13,Shooter,
231,Amazing,Call of Duty: Black Ops II,/games/call-of-duty-black-ops-ii/ps3-126313,PlayStation 3,9.3,Y,2012,11,13,Shooter,
232,Okay,When Vikings Attack,/games/when-vikings-attack/ps3-135043,PlayStation 3,6.5,N,2012,11,9,Fighting, Action
233,Okay,When Vikings Attack,/games/when-vikings-attack/vita-135040,PlayStation Vita,6.5,N,2012,11,9,Fighting, Action
234,Mediocre,"Freakyforms Deluxe: Your Creations, Alive!",/games/freakyforms-deluxe-your-creations-alive/3ds-139655,Nintendo 3DS,5.0,N,2012,11,8,Productivity,
235,Mediocre,Painkiller: Hell & Damnation,/games/painkiller-hell-and-damnation/pc-136319,PC,5.0,N,2012,11,7,Shooter,
236,Great,Transformers Prime,/games/transformers-prime/3ds-130988,Nintendo 3DS,8.0,N,2012,11,7,Action,
237,Great,Angry Birds Star Wars,/games/star-wars-angry-birds/iphone-144485,iPhone,8.8,N,2012,11,7,Puzzle,
238,Good,Farming Simulator 2013,/games/farming-simulator-2013/pc-144241,PC,7.1,N,2012,11,7,Simulation,
239,Great,Paper Mario: Sticker Star,/games/paper-mario-3ds/3ds-77808,Nintendo 3DS,8.3,N,2012,11,6,RPG,
240,Okay,Lucius,/games/lucius-shiver-games/pc-83378,PC,6.0,N,2012,11,6,Adventure,
241,Mediocre,LittleBigPlanet Karting,/games/littlebigplanet-karting/ps3-128163,PlayStation 3,5.0,N,2012,11,6,Racing,
242,Good,Primal Carnage,/games/primal-carnage/pc-60854,PC,7.6,N,2012,11,5,Shooter,
243,Great,Natural Selection 2,/games/natural-selection-2/pc-904386,PC,8.0,N,2012,11,5,Shooter,
244,Okay,Symphonica: Grand Maestro,/games/symphonica-grand-maestro/iphone-141555,iPhone,6.0,N,2012,11,5,Music,
245,Amazing,Football Manager 2013,/games/football-manager-2013/mac-141666,Macintosh,9.0,Y,2012,11,3,Sports, Simulation
246,Amazing,The Walking Dead: The Game -- Episode 5: No Time Left,/games/the-walking-dead-season-1-episode-5/pc-135888,PC,9.5,Y,2012,11,19,Adventure,
247,Amazing,The Walking Dead: The Game -- Episode 5: No Time Left,/games/the-walking-dead-season-1-episode-5/ipad-135885,iPad,9.5,Y,2012,11,19,Adventure,
248,Amazing,The Walking Dead: The Game -- Episode 5: No Time Left,/games/the-walking-dead-season-1-episode-5/mac-135889,Macintosh,9.5,Y,2012,11,19,Adventure,
249,Amazing,The Walking Dead: The Game -- Episode 5: No Time Left,/games/the-walking-dead-season-1-episode-5/ps3-135887,PlayStation 3,9.5,Y,2012,11,19,Adventure,
250,Amazing,Football Manager 2013,/games/football-manager-2013/pc-141663,PC,9.0,Y,2012,11,3,Sports, Simulation
251,Good,Need for Speed Most Wanted,/games/need-for-speed-most-wanted-2012/vita-135721,PlayStation Vita,7.4,N,2012,11,2,Racing, Action
252,Bad,Orgarhythm,/games/orgarhythm-133846/vita-130950,PlayStation Vita,4.7,N,2012,11,2,Music, Action
253,Good,Sports Champions 2,/games/sports-champions-2/ps3-135395,PlayStation 3,7.6,N,2012,11,2,Sports, Action
254,Great,Kinect Party,/games/happy-action-theater-2/xbox-360-140195,Xbox 360,8.5,N,2012,12,20,Party,
255,Good,Sky Gamblers: Storm Raiders,/games/sky-gamblers-storm-raider/iphone-149216,iPhone,7.1,N,2012,12,19,Action,
256,Good,Oddworld: Stranger's Wrath HD,/games/oddworld-strangers-wrath/vita-110722,PlayStation Vita,7.5,N,2012,12,19,Action, Adventure
257,Good,AirBuccaneers,/games/airbuccaneers/pc-150858,PC,7.5,N,2012,12,19,Action,
258,Great,Theatrhythm Final Fantasy,/games/theatrhythm-final-fantasy/iphone-150082,iPhone,8.0,N,2012,12,19,Music, Action
259,Okay,Sing Party,/games/sing/wii-u-135741,Wii U,6.3,N,2012,12,18,Music,
260,Okay,Beatdown!,/games/beatdown/iphone-147890,iPhone,6.3,N,2012,11,19,Fighting, Action
261,Okay,Waking Mars,/games/waking-mars-148199/pc-148201,PC,6.5,N,2012,11,19,Action,
262,Okay,Waking Mars,/games/waking-mars-148199/iphone-129356,iPhone,6.5,N,2012,11,19,Action,
263,Amazing,Hitman: Absolution,/games/hitman-absolution/ps3-14348845,PlayStation 3,9.0,Y,2012,11,18,Action,
264,Amazing,Hitman: Absolution,/games/hitman-absolution/xbox-360-14348846,Xbox 360,9.0,Y,2012,11,18,Action,
265,Okay,ZombiU,/games/zombi-u/wii-u-135661,Wii U,6.3,N,2012,11,18,Shooter,
266,Good,Grand Theft Auto: Vice City,/games/grand-theft-aut-vice-city/iphone-146059,iPhone,7.7,N,2012,12,18,Action, Adventure
267,Good,Street Fighter X Mega Man,/games/street-fighter-x-mega-man/pc-149856,PC,7.0,N,2012,12,18,Action,
268,Good,Sonic & All-Stars Racing Transformed,/games/sonic-all-stars-racing-transformed/vita-133506,PlayStation Vita,7.0,N,2012,12,17,Racing, Action
269,Good,Sonic & All-Stars Racing Transformed,/games/sonic-all-stars-racing-transformed/3ds-133507,Nintendo 3DS,7.0,N,2012,12,17,Racing, Action
270,Good,The Sims 3: Seasons,/games/the-sims-3-seasons/pc-138921,PC,7.5,N,2012,12,17,Simulation,
271,Mediocre,Tank! Tank! Tank!,/games/tank-tank-tank/wii-u-135735,Wii U,5.8,N,2012,12,14,Action,
272,Good,Guardians of Middle-earth,/games/guardians-of-middle-earth/xbox-360-135298,Xbox 360,7.5,N,2012,12,14,Battle,
273,Okay,Ratchet & Clank: Full Frontal Assault,/games/ratchet-and-clank-full-frontal-assault/ps3-135296,PlayStation 3,6.4,N,2012,12,14,Action,
274,Bad,Page Chronica,/games/page-chronica/ps3-145412,PlayStation 3,4.1,N,2012,12,14,Puzzle,
275,Amazing,Hitman: Absolution,/games/hitman-absolution/pc-14251574,PC,9.0,Y,2012,11,18,Action,
276,Amazing,Batman: Arkham City -- Armored Edition,/games/batman-arkham-city/wii-u-110822,Wii U,9.5,Y,2012,11,17,Action,
277,Okay,Disney Epic Mickey 2: The Power of Two,/games/disney-epic-mickey-2-the-power-of-two/ps3-125841,PlayStation 3,6.0,N,2012,11,17,Action, Adventure
278,Okay,Disney Epic Mickey 2: The Power of Two,/games/disney-epic-mickey-2-the-power-of-two/xbox-360-125840,Xbox 360,6.0,N,2012,11,17,Action, Adventure
279,Good,Darksiders II,/games/darksiders-2/wii-u-110809,Wii U,7.5,N,2012,11,17,Action,
280,Great,Scribblenauts Unlimited,/games/scribblenauts-unlimited/wii-u-135731,Wii U,8.8,Y,2012,11,16,Puzzle, Action
281,Bad,Call of Duty: Black Ops Declassified,/games/call-of-duty-black-ops-declassified/vita-98928,PlayStation Vita,4.0,N,2012,11,16,Shooter,
282,Good,Fallen Enchantress,/games/elemental-fallen-enchantress/pc-101961,PC,7.9,N,2012,11,16,Strategy,
283,Good,Guns of Icarus Online,/games/guns-of-icarus-online/pc-115437,PC,7.3,N,2012,11,16,Shooter,
284,Mediocre,Miner Wars 2081,/games/miner-wars-2081/pc-21143,PC,5.0,N,2012,12,14,Shooter,
285,Good,Guardians of Middle-earth,/games/guardians-of-middle-earth/ps3-135301,PlayStation 3,7.5,N,2012,12,14,Battle,
286,Great,The Elder Scrolls V: Skyrim -- Dragonborn,/games/the-elder-scrolls-v-skyrim-dragonborn/xbox-360-146422,Xbox 360,8.8,N,2012,12,13,RPG,
287,Okay,Baldur's Gate -- Enhanced Edition,/games/baldurs-gate-enhanced-edition/ipad-130702,iPad,6.0,N,2012,12,13,RPG,
288,Okay,Black Knight Sword,/games/black-knight-sword/xbox-360-115069,Xbox 360,6.9,N,2012,12,13,Puzzle, Adventure
289,Okay,Black Knight Sword,/games/black-knight-sword/ps3-115068,PlayStation 3,6.9,N,2012,12,13,Puzzle, Adventure
290,Amazing,The Walking Dead: A Telltale Game Series -- Season One,/games/the-walking-dead-the-game/xbox-360-100888,Xbox 360,9.3,Y,2012,12,12,Adventure,
291,Great,Sonic & All-Stars Racing Transformed,/games/sonic-all-stars-racing-transformed/xbox-360-133505,Xbox 360,8.6,N,2012,11,15,Racing, Action
292,Amazing,New Super Mario Bros. U,/games/new-super-mario-bros-u/wii-u-135584,Wii U,9.1,Y,2012,11,15,Platformer,
293,Great,Sonic & All-Stars Racing Transformed,/games/sonic-all-stars-racing-transformed/ps3-133498,PlayStation 3,8.6,N,2012,11,15,Racing, Action
294,Great,Nintendo Land,/games/nintendo-land/wii-u-135744,Wii U,8.7,Y,2012,11,15,Party,
295,Good,ARC Squadron,/games/arc-squadron-145523/iphone-145520,iPhone,7.3,N,2012,11,13,Flight, Action
296,Good,Ninja Gaiden III: Razor's Edge,/games/ninja-gaiden-iii-razors-edge/wii-u-110811,Wii U,7.6,N,2012,11,13,Action,
297,Amazing,The Walking Dead: A Telltale Game Series -- Season One,/games/the-walking-dead-the-game/ps3-100887,PlayStation 3,9.3,Y,2012,12,12,Adventure,
298,Amazing,The Walking Dead -- Game of the Year Edition,/games/the-walking-dead-game-of-the-year-edition/pc-20008044,PC,9.3,Y,2012,12,12,Adventure,
299,Amazing,The Walking Dead: A Telltale Game Series -- Season One,/games/the-walking-dead-the-game/iphone-150119,iPhone,9.3,Y,2012,12,12,Adventure,
300,Good,Real Boxing,/games/real-boxing-147889/iphone-147888,iPhone,7.6,N,2012,11,30,Sports,
301,Great,Baldur's Gate -- Enhanced Edition,/games/baldurs-gate-enhanced-edition/pc-130328,PC,8.1,N,2012,11,30,RPG,
302,Amazing,Crashmo,/games/crashmo/3ds-144426,Nintendo 3DS,9.5,Y,2012,11,30,Puzzle, Action
303,Amazing,PlanetSide 2,/games/planetside-2/pc-14242769,PC,9.0,Y,2012,11,30,Shooter,
304,Okay,Disney Epic Mickey 2: The Power of Two,/games/disney-epic-mickey-2-the-power-of-two/wii-u-142951,Wii U,6.0,N,2012,11,29,Action, Adventure
305,Amazing,The Walking Dead: A Telltale Game Series -- Season One,/games/the-walking-dead-the-game/pc-100880,PC,9.3,Y,2012,12,12,Adventure,
306,Amazing,The Walking Dead: A Telltale Game Series -- Season One,/games/the-walking-dead-the-game/mac-100885,Macintosh,9.3,Y,2012,12,12,Adventure,
307,Good,Strike Suit Zero,/games/strike-suit-zero/pc-115112,PC,7.5,N,2013,1,22,Shooter,
308,Painful,Final Fantasy: All The Bravest,/games/final-fantasy-all-the-bravest-156962/iphone-156958,iPhone,2.5,N,2013,1,18,RPG,
309,Good,Tokyo Crash Mobs,/games/tokyo-crash-mobs/3ds-144441,Nintendo 3DS,7.7,N,2013,1,18,Puzzle, Action
310,Amazing,Ni no Kuni: Wrath of the White Witch,/games/ni-no-kuni/ps3-14284017,PlayStation 3,9.4,Y,2013,1,15,RPG,
311,Mediocre,Marvel's The Avengers: Battle For Earth,/games/marvels-the-avengers-battle-for-earth/wii-u-134289,Wii U,5.0,N,2013,1,15,Action,
312,Okay,Borderlands 2: Sir Hammerlock's Big Game Hunt,/games/borderlands-2-hammerlocks-big-game-hunt/xbox-360-150509,Xbox 360,6.9,N,2013,1,15,Shooter, RPG
313,Great,Assassin's Creed III,/games/assassins-creed-iii/pc-119437,PC,8.6,Y,2012,11,23,Action, Adventure
314,Okay,Chasing Aurora,/games/chasing-aurora/wii-u-135575,Wii U,6.0,N,2012,11,22,Action,
315,Great,Adventure Time: Hey Ice King! Why'd You Steal Our Garbage?,/games/adventure-time-hey-ice-king-whyd-you-steal-our-garbage/3ds-135984,Nintendo 3DS,8.5,Y,2012,11,22,Adventure,
316,Great,Madden NFL 13,/games/madden-nfl-2013/wii-128099,Wii,8.3,N,2012,11,21,Sports,
317,Good,Warriors Orochi 3 Hyper,/games/warriors-orochi-3-hyper/wii-u-142961,Wii U,7.0,N,2012,11,29,Action,
318,Good,Transformers Prime,/games/transformers-prime/wii-u-136308,Wii U,7.8,N,2012,11,28,Action,
319,Okay,Skylanders Battlegrounds,/games/skylanders-battlegrounds/iphone-146163,iPhone,6.6,N,2012,11,28,Action,
320,Good,Rage of the Gladiator,/games/rage-of-the-gladiator-2010/iphone-146969,iPhone,7.6,N,2012,11,28,Action,
321,Okay,FIFA Soccer 13,/games/fifa-2013/wii-u-136146,Wii U,6.0,N,2012,11,27,Sports,
322,Okay,Family Guy: Back to the Multiverse,/games/family-guy-back-to-the-multiverse/xbox-360-133934,Xbox 360,6.0,N,2012,11,27,Adventure,
323,Okay,Family Guy: Back to the Multiverse,/games/family-guy-back-to-the-multiverse/ps3-133931,PlayStation 3,6.0,N,2012,11,27,Adventure,
324,Mediocre,Little Inferno,/games/little-inferno/pc-136966,PC,5.0,N,2012,11,27,Puzzle,
325,Mediocre,Little Inferno,/games/little-inferno/wii-u-137620,Wii U,5.0,N,2012,11,27,Puzzle,
326,Amazing,The Walking Dead -- Game of the Year Edition,/games/the-walking-dead-game-of-the-year-edition/ps3-20008043,PlayStation 3,9.3,Y,2012,12,12,Adventure,
327,Amazing,The Walking Dead -- Game of the Year Edition,/games/the-walking-dead-game-of-the-year-edition/xbox-360-20008042,Xbox 360,9.3,Y,2012,12,12,Adventure,
328,Amazing,The Walking Dead: A Telltale Game Series -- Season One,/games/the-walking-dead-the-game/ipad-100886,iPad,9.3,Y,2012,12,12,Adventure,
329,Amazing,Minigore 2: Zombies,/games/minigore-2-zombies/iphone-149695,iPhone,9.1,Y,2012,12,12,Shooter,
330,Mediocre,Jet Set Radio,/games/jet-set-radio/iphone-138175,iPhone,5.6,N,2012,12,12,Action,
331,Good,Forge,/games/forge/pc-136254,PC,7.0,N,2012,12,12,Shooter,
332,Okay,Nancy Drew: The Deadly Device,/games/nancy-drew-the-deadly-device/pc-145847,PC,6.8,N,2012,12,11,Adventure,
333,Good,Into the Dead,/games/into-the-dead/iphone-149569,iPhone,7.0,N,2012,12,10,Action,
334,Mediocre,Just Dance 4,/games/just-dance-4/wii-u-135665,Wii U,5.3,N,2012,12,10,Music,
335,Okay,Borderlands 2: Sir Hammerlock's Big Game Hunt,/games/borderlands-2-hammerlocks-big-game-hunt/pc-150514,PC,6.9,N,2013,1,15,Shooter, RPG
336,Okay,Borderlands 2: Sir Hammerlock's Big Game Hunt,/games/borderlands-2-hammerlocks-big-game-hunt/ps3-150510,PlayStation 3,6.9,N,2013,1,15,Shooter, RPG
337,Great,DmC: Devil May Cry,/games/dmc/pc-134823,PC,8.9,Y,2013,1,14,Action,
338,Great,Unchained Blades,/games/unchained-blades/3ds-101274,Nintendo 3DS,8.0,N,2013,1,14,RPG,
339,Great,DmC: Devil May Cry,/games/dmc/ps3-85707,PlayStation 3,8.5,Y,2013,1,14,Action,
340,Good,The Earth Defense Force 2017 Portable,/games/the-earth-defense-force-2017/vita-137197,PlayStation Vita,7.5,N,2013,1,14,Action,
341,Bad,007 Legends,/games/007-legends/wii-u-142949,Wii U,4.2,N,2013,1,14,Action,
342,Mediocre,Wraithborne,/games/wraithborne/iphone-146959,iPhone,5.2,N,2012,11,21,Action,
343,Amazing,Persona 4 Golden,/games/shin-megami-tensei-persona-4/vita-116892,PlayStation Vita,9.3,Y,2012,11,21,RPG,
344,Amazing,Call of Duty: Black Ops II,/games/call-of-duty-black-ops-ii/wii-u-136081,Wii U,9.3,Y,2012,11,21,Shooter,
345,Mediocre,Rabbids Land,/games/rayman-raving-rabbids-for-wii-u/wii-u-110845,Wii U,5.0,N,2012,11,21,Party,
346,Good,Tekken Tag Tournament 2: Wii U Edition,/games/tekken-tag-tournament-2/wii-u-110807,Wii U,7.5,N,2012,11,21,Fighting,
347,Amazing,Far Cry 3,/games/far-cry-3/pc-53492,PC,9.0,Y,2012,11,21,Shooter,
348,Great,Madden NFL 13,/games/madden-nfl-2013/wii-u-110858,Wii U,8.3,N,2012,11,21,Sports,
349,Amazing,Far Cry 3,/games/far-cry-3/ps3-53488,PlayStation 3,9.0,Y,2012,11,21,Shooter,
350,Mediocre,Little Inferno,/games/little-inferno/mac-137618,Macintosh,5.0,N,2012,11,27,Puzzle,
351,Mediocre,Little Inferno,/games/little-inferno/ipad-162572,iPad,5.0,N,2012,11,27,Puzzle,
352,Mediocre,Little Inferno,/games/little-inferno/linux-137619,Linux,5.0,N,2012,11,27,Puzzle,
353,Mediocre,Little Inferno,/games/little-inferno/iphone-159505,iPhone,5.0,N,2012,11,27,Puzzle,
354,Great,Little Chomp,/games/little-chomp/iphone-148128,iPhone,8.0,N,2012,11,26,Action,
355,Amazing,Trine 2: Director's Cut,/games/trine-2/wii-u-135737,Wii U,9.0,Y,2012,11,26,Action,
356,Awful,LEGO The Lord of the Rings [Portable],/games/lego-the-lord-of-the-rings-portable/3ds-135997,Nintendo 3DS,3.8,N,2012,11,26,Action, Adventure
357,Awful,LEGO The Lord of the Rings [Portable],/games/lego-the-lord-of-the-rings-portable/vita-140079,PlayStation Vita,3.8,N,2012,11,26,Action, Adventure
358,Okay,LEGO The Lord of the Rings,/games/lego-the-lord-of-the-rings/xbox-360-135464,Xbox 360,6.8,N,2012,11,26,Action, Adventure
359,Great,Writer Rumble,/games/writer-rumble/iphone-149247,iPhone,8.2,N,2012,12,10,Puzzle, Word Game
360,Amazing,Mass Effect,/games/mass-effect/ps3-143827,PlayStation 3,9.0,Y,2012,12,10,RPG,
361,Great,Guilty Gear XX Accent Core Plus,/games/guilty-gear-xx-accent-core-plus/xbox-360-128867,Xbox 360,8.3,N,2012,12,7,Fighting,
362,Great,Guilty Gear XX Accent Core Plus,/games/guilty-gear-xx-accent-core-plus/ps3-128866,PlayStation 3,8.3,N,2012,12,7,Fighting,
363,Good,Uncharted: Fight For Fortune,/games/uncharted-fight-for-fortune/vita-146817,PlayStation Vita,7.0,N,2012,12,6,Card, Battle
364,Good,Modern Combat 4: Zero Hour,/games/modern-combat-4-zero-hour/iphone-143811,iPhone,7.8,N,2012,12,6,Shooter,
365,Okay,Wonderbook: Book  of Spells,/games/book-of-spells/ps3-135683,PlayStation 3,6.0,N,2012,12,6,Simulation, Adventure
366,Great,Rift: Storm Legion,/games/rift-storm-legion/pc-135457,PC,8.3,N,2012,12,4,RPG,
367,Amazing,Joe Danger,/games/joe-danger-touch/iphone-136836,iPhone,9.1,Y,2013,1,14,Action,
368,Great,DmC: Devil May Cry,/games/dmc/xbox-360-86431,Xbox 360,8.9,Y,2013,1,14,Action,
369,Mediocre,Anarchy Reigns,/games/anarchy-reigns/xbox-360-98770,Xbox 360,5.9,N,2013,1,11,Action,
370,Mediocre,Anarchy Reigns,/games/anarchy-reigns/ps3-95396,PlayStation 3,5.9,N,2013,1,11,Action,
371,Great,Kentucky Route Zero: Act 1,/games/kentucky-route-zero-154732/pc-115270,PC,8.3,N,2013,1,11,Adventure,
372,Okay,Primordia,/games/primordia/pc-140042,PC,6.8,N,2013,1,11,Adventure,
373,Amazing,Mutant Mudds,/games/mutant-mudds/iphone-149490,iPhone,9.1,Y,2013,1,10,Platformer,
374,Amazing,Far Cry 3,/games/far-cry-3/xbox-360-53491,Xbox 360,9.0,Y,2012,11,21,Shooter,
375,Amazing,Mass Effect 3 (Special Edition),/games/mass-effect-3/wii-u-135743,Wii U,9.5,N,2012,11,21,RPG,
376,Amazing,Nano Assault Neo,/games/nano-assault-neo/wii-u-142952,Wii U,9.0,Y,2012,11,20,Shooter,
377,Good,Disney Epic Mickey: Power of Illusion,/games/disney-epic-mickey-power-of-illusion/3ds-130576,Nintendo 3DS,7.0,N,2012,11,20,Action, Adventure
378,Great,Assassin's Creed III,/games/assassins-creed-iii/wii-u-110823,Wii U,8.5,N,2012,11,20,Action, Adventure
379,Amazing,Borderlands 2: Mr. Torgue's Campaign of Carnage,/games/borderlands-2-mr-torgues-campaign-of-carnage/pc-147951,PC,9.2,Y,2012,11,20,Shooter, RPG
380,Great,Scribblenauts Unlimited,/games/scribblenauts-unlimited/pc-135828,PC,8.8,Y,2012,11,20,Puzzle, Action
381,Amazing,Borderlands 2: Mr. Torgue's Campaign of Carnage,/games/borderlands-2-mr-torgues-campaign-of-carnage/xbox-360-147949,Xbox 360,9.2,Y,2012,11,20,Shooter, RPG
382,Great,PlayStation All-Stars Battle Royale,/games/playstation-all-stars-battle-royale/vita-135678,PlayStation Vita,8.0,N,2012,11,20,Fighting,
383,Good,Jetpack Joyride,/games/jetpack-joyride/psp-148152,PlayStation Portable,7.4,N,2012,11,26,Platformer,
384,Okay,LEGO The Lord of the Rings,/games/lego-the-lord-of-the-rings/ps3-135460,PlayStation 3,6.8,N,2012,11,26,Action, Adventure
385,Good,The Walking Dead: Assault,/games/the-walking-dead-assault/iphone-149294,iPhone,7.5,N,2012,12,4,Adventure,
386,Good,Miasmata,/games/miasmata/pc-149038,PC,7.9,N,2012,12,4,Adventure,
387,Good,Bladeslinger: Episode 1,/games/bladeslinger/iphone-119042,iPhone,7.2,N,2012,12,3,Action,
388,Mediocre,Funky Barn,/games/funky-barn-142959/wii-u-142960,Wii U,5.0,N,2012,12,3,Simulation,
389,Awful,ESPN Sports Connection,/games/sports-connection/wii-u-135664,Wii U,3.0,N,2012,12,3,Sports,
390,Great,Sonic & All-Stars Racing Transformed,/games/sonic-all-stars-racing-transformed/wii-u-139639,Wii U,8.8,N,2012,11,30,Racing, Action
391,Awful,Infestation: Survivor Stories,/games/the-war-z/pc-138069,PC,3.0,N,2013,1,8,Action,
392,Good,Labyrinth Legends,/games/labyrinth-legends/ps3-148868,PlayStation 3,7.7,N,2013,1,7,RPG,
393,Mediocre,Ace of Spades,/games/ace-of-spades-149688/pc-106949,PC,5.9,N,2013,1,4,Shooter,
394,Good,Monsters Inc. Run,/games/monsters-inc-run/iphone-150128,iPhone,7.7,N,2013,1,3,Action,
395,Good,Pudding Monsters,/games/pudding-monsters/iphone-149492,iPhone,7.3,N,2012,12,20,Puzzle, Adventure
396,Amazing,Borderlands 2: Mr. Torgue's Campaign of Carnage,/games/borderlands-2-mr-torgues-campaign-of-carnage/ps3-147950,PlayStation 3,9.2,Y,2012,11,20,Shooter, RPG
397,Great,PlayStation All-Stars Battle Royale,/games/playstation-all-stars-battle-royale/ps3-123511,PlayStation 3,8.0,N,2012,11,20,Fighting,
398,Amazing,NBA 2K13,/games/nba-2k13/wii-u-135328,Wii U,9.1,Y,2012,11,20,Sports,
399,Amazing,The Walking Dead: The Game -- Episode 5: No Time Left,/games/the-walking-dead-season-1-episode-5/xbox-360-135886,Xbox 360,9.5,Y,2012,11,19,Adventure,
400,Mediocre,NFL Quarterback Club '97,/games/nfl-quarterback-club-97/ps-293,PlayStation,5.0,N,1996,11,25,Sports,
401,Okay,Namco Museum Vol. 2,/games/namco-museum-vol-2/ps-730,PlayStation,6.0,N,1996,11,25,Action, Compilation
402,Awful,Raven Project,/games/raven-project/ps-184,PlayStation,3.0,N,1996,11,25,Action,
403,Okay,Silverload,/games/silverload/ps-585,PlayStation,6.0,N,1996,11,25,Adventure,
404,Good,Return Fire,/games/return-fire/ps-172,PlayStation,7.0,N,1996,11,25,Action,
405,Painful,Rise 2: Resurrection,/games/rise-2-resurrection/ps-174,PlayStation,2.0,N,1996,11,25,Fighting,
406,Okay,Robo Pit,/games/robo-pit/ps-175,PlayStation,6.5,N,1996,11,25,Fighting,
407,Okay,NBA ShootOut,/games/nba-shootout/ps-163,PlayStation,6.0,N,1996,11,25,Sports,
408,Bad,Beyond The Beyond,/games/beyond-the-beyond/ps-450,PlayStation,4.0,N,1996,11,21,RPG,
409,Good,Crash Bandicoot,/games/crash-bandicoot/ps-603,PlayStation,7.5,N,1996,11,21,Platformer,
410,Great,Bust-A-Move 2: Arcade Edition,/games/bust-a-move-2-arcade-edition/ps-684,PlayStation,8.0,N,1996,11,21,Puzzle,
411,Mediocre,CyberSpeed,/games/cyberspeed/ps-139,PlayStation,5.0,N,1996,11,21,Racing,
412,Good,D,/games/d/ps-688,PlayStation,7.0,N,1996,11,21,Adventure,
413,Okay,Assault Rigs,/games/assault-rigs/ps-134,PlayStation,6.0,N,1996,11,21,Action,
414,Mediocre,ESPN Extreme Games,/games/espn-extreme-games/ps-547,PlayStation,5.0,N,1996,11,21,Sports,
415,Good,Doom (1993),/games/doom/ps-671,PlayStation,7.0,N,1996,11,21,Shooter,
416,Great,Bottom of the 9th,/games/bottom-of-the-9th/ps-110,PlayStation,8.0,N,1996,11,21,Sports,
417,Good,Adidas Power Soccer,/games/adidas-power-soccer/ps-715,PlayStation,7.0,N,1996,11,21,Sports,
418,Painful,Agile Warrior F-111X,/games/agile-warrior-f-111x/ps-133,PlayStation,2.0,N,1996,11,21,Action,
419,Great,Alien Trilogy,/games/alien-trilogy/ps-452,PlayStation,8.0,N,1996,11,21,Action,
420,Okay,Alone in the Dark: One Eyed Jack's Revenge,/games/alone-in-the-dark-2/ps-677,PlayStation,6.0,N,1996,11,21,Adventure,
421,Good,Fade to Black,/games/fade-to-black/ps-146,PlayStation,7.0,N,1996,11,21,Adventure,
422,Good,Die Hard Trilogy,/games/die-hard-trilogy/ps-447,PlayStation,7.5,N,1996,11,21,Action,
423,Good,Discworld,/games/discworld/ps-583,PlayStation,7.0,N,1996,11,21,Adventure,
424,Okay,Battle Arena Toshinden 2,/games/battle-arena-toshinden-2/ps-451,PlayStation,6.0,N,1996,11,21,Fighting,
425,Okay,A-Train,/games/a-train/ps-670,PlayStation,6.0,N,1996,11,21,Strategy,
426,Bad,Casper -- A Haunting 3D Challenge,/games/casper-a-haunting-3d-challenge/ps-438,PlayStation,4.0,N,1996,11,21,Action,
427,Okay,Bogey Dead 6,/games/bogey-dead-6/ps-449,PlayStation,6.0,N,1996,11,21,Flight, Action
428,Great,Namco Museum Vol. 1,/games/namco-museum-vol-1/ps-702,PlayStation,8.0,N,1996,11,25,Action, Compilation
429,Good,Road & Track Presents: The Need for Speed,/games/road-and-track-presents-the-need-for-speed/ps-1864,PlayStation,7.0,N,1996,11,25,Racing,
430,Okay,Romance of the Three Kingdoms IV: Wall of Fire,/games/romance-of-the-three-kingdoms-iv-wall-of-fire/ps-478,PlayStation,6.0,N,1996,11,25,Strategy,
431,Good,PGA Tour '96,/games/pga-tour-96/ps-165,PlayStation,7.0,N,1996,11,25,Sports,
432,Good,Rayman,/games/rayman/ps-69,PlayStation,7.0,N,1996,11,25,Platformer,
433,Okay,Raiden Project,/games/raiden-project/ps-720,PlayStation,6.0,N,1996,11,25,Shooter,
434,Great,Andretti Racing,/games/andretti-racing/ps-703,PlayStation,8.0,N,1996,11,21,Racing,
435,Good,Discworld,/games/discworld/ps-583,PlayStation,7.0,N,1996,11,21,Adventure,
436,Good,Die Hard Trilogy,/games/die-hard-trilogy/ps-447,PlayStation,7.5,N,1996,11,21,Action,
437,Awful,Gunship,/games/gunship-23429/ps-280,PlayStation,3.0,N,1996,11,25,Simulation,
438,Okay,Olympic Summer Games: Atlanta '96,/games/olympic-summer-games-atlanta-96-808731/ps-551,PlayStation,6.0,N,1996,11,25,Sports,
439,Unbearable,Revolution X,/games/revolution-x/ps-689,PlayStation,1.0,N,1996,11,25,Action,
440,Bad,Shockwave Assault,/games/shockwave-assault/ps-679,PlayStation,4.0,N,1996,11,25,Action,
441,Bad,HardBall 5,/games/hardball-5/ps-140,PlayStation,4.0,N,1996,11,25,Sports,
442,Good,Twisted Metal [1996],/games/twisted-metal-1996/ps-444,PlayStation,7.0,N,1996,11,26,Action,
443,Amazing,WipEout XL,/games/wipeout-2097/ps-473,PlayStation,9.0,Y,1996,11,26,Racing,
444,Great,WipEout,/games/wipeout/ps-192,PlayStation,8.0,N,1996,11,26,Racing,
445,Great,Tobal No. 1,/games/tobal-no-1/ps-743,PlayStation,8.7,Y,1996,11,26,Fighting,
446,Great,Star Gladiator Episode 1: Final Crusade,/games/star-gladiator-episode-1-final-crusade/ps-461,PlayStation,8.0,N,1996,11,26,Fighting,
447,Good,Starfighter,/games/starfighter/ps-287,PlayStation,7.0,N,1996,11,26,Action,
448,Good,Battle Arena Toshinden,/games/battle-arena-toshinden/ps-716,PlayStation,7.0,N,1996,11,21,Fighting,
449,Good,Destruction Derby,/games/destruction-derby/ps-144,PlayStation,7.0,N,1996,11,21,Racing, Action
450,Great,Aquanaut's Holiday,/games/aquanauts-holiday/ps-548,PlayStation,8.0,N,1996,11,21,Simulation,
451,Painful,Creature Shock (Special Edition),/games/creature-shock/ps-136,PlayStation,2.0,N,1996,11,21,Action,
452,Good,Air Combat,/games/air-combat/ps-393,PlayStation,7.0,N,1996,11,21,Flight, Action
453,Good,Descent,/games/descent-1995/ps-143,PlayStation,7.0,N,1996,11,21,Action,
454,Mediocre,Cyber Sled,/games/cyber-sled/ps-138,PlayStation,5.0,N,1996,11,21,Action,
455,Good,DEFCON 5,/games/defcon-5/ps-142,PlayStation,7.0,N,1996,11,21,Action,
456,Mediocre,The King of Fighters '95,/games/the-king-of-fighters-95/ps-2072,PlayStation,5.0,N,1996,11,25,Fighting,
457,Great,Jumping Flash! 2,/games/jumping-flash-2/ps-577,PlayStation,8.0,N,1996,11,25,Platformer,
458,Bad,Epidemic,/games/epidemic/ps-299,PlayStation,4.0,N,1996,11,25,Action,
459,Mediocre,Philosoma,/games/philosoma/ps-166,PlayStation,5.0,N,1996,11,25,Action,
460,Mediocre,NBA In the Zone,/games/nba-in-the-zone-36223/ps-164,PlayStation,5.0,N,1996,11,25,Sports,
461,Good,Magic Carpet,/games/magic-carpet/ps-159,PlayStation,7.5,N,1996,11,25,Action,
462,Painful,Power Serve 3D Tennis,/games/power-serve-3d-tennis/ps-167,PlayStation,2.0,N,1996,11,25,Sports,
463,Great,Resident Evil [1996],/games/resident-evil/ps-610,PlayStation,8.7,N,1996,11,25,Action, Adventure
464,Okay,NCAA GameBreaker,/games/ncaa-gamebreaker/ps-724,PlayStation,6.8,N,1996,11,25,Sports,
465,Okay,Project: Horned Owl,/games/project-horned-owl/ps-706,PlayStation,6.0,N,1996,11,25,Shooter,
466,Okay,Frank Thomas: Big Hurt Baseball,/games/frank-thomas-big-hurt-baseball/pc-672,PC,6.0,N,1996,11,25,Sports,
467,Good,Goal Storm,/games/goal-storm/ps-150,PlayStation,7.0,N,1996,11,25,Sports,
468,Awful,In the Hunt,/games/in-the-hunt/ps-70,PlayStation,3.0,N,1996,11,25,Action,
469,Good,International Track & Field,/games/international-track-field/ps-12,PlayStation,7.0,N,1996,11,25,Sports,
470,Painful,Novastorm,/games/novastorm/ps-554,PlayStation,2.0,N,1996,11,25,Shooter,
471,Great,PO'ed,/games/poed/ps-2098,PlayStation,8.0,N,1996,11,25,Action,
472,Okay,NBA Jam: Tournament Edition,/games/nba-jam-tournament-edition/ps-701,PlayStation,6.5,N,1996,11,25,Sports,
473,Good,WWF Wrestlemania: The Arcade Game,/games/wwf-wrestlemania/ps-714,PlayStation,7.0,N,1996,11,26,Wrestling,
474,Good,Williams Arcade's Greatest Hits,/games/williams-arcades-greatest-hits/ps-202,PlayStation,7.0,N,1996,11,26,Compilation,
475,Okay,Tetris Plus,/games/tetris-plus/ps-725,PlayStation,6.0,N,1996,11,26,Puzzle,
476,Mediocre,Slam 'n Jam '96: Featuring Magic and Kareem,/games/slam-n-jam-96-featuring-magic-and-kareem/ps-708,PlayStation,5.0,N,1996,11,26,Sports,
477,Bad,V-Tennis,/games/v-tennis/ps-712,PlayStation,4.0,N,1996,11,26,Sports,
478,Good,Tokyo Highway Battle,/games/tokyo-highway-battle/ps-185,PlayStation,7.0,N,1996,11,26,Racing,
479,Mediocre,Zero Divide,/games/zero-divide/ps-193,PlayStation,5.0,N,1996,11,26,Fighting,
480,Amazing,X-COM: UFO Defense,/games/ufo-enemy-unknown/ps-686,PlayStation,9.0,Y,1996,11,26,Strategy,
481,Okay,Darkstalkers: The Night Warriors,/games/darkstalkers-the-night-warriors/ps-141,PlayStation,6.5,N,1996,11,21,Fighting,
482,Good,FIFA Soccer '96,/games/fifa-soccer-96/ps-542,PlayStation,7.8,N,1996,11,21,Sports,
483,Bad,Mortal Kombat Trilogy,/games/mortal-kombat-trilogy/n64-454,Nintendo 64,4.1,N,1996,11,20,Fighting,
484,Amazing,Wave Race 64,/games/wave-race-64/n64-81,Nintendo 64,9.7,Y,1996,11,15,Racing,
485,Mediocre,Battle Arena Toshinden Remix,/games/battle-arena-toshinden-remix/saturn-195,Saturn,5.0,N,1996,11,15,Fighting,
486,Bad,Cruis'n USA,/games/cruisn-usa/n64-498,Nintendo 64,4.0,N,1996,11,14,Racing,
487,Mediocre,Batman Forever: The Arcade Game,/games/batman-forever/ps-318,PlayStation,5.0,N,1996,11,2,Action,
488,Great,Pilotwings 64,/games/pilotwings-64/n64-83,Nintendo 64,8.2,N,1996,9,25,Flight,
489,Mediocre,Road Rash,/games/road-rash/ps-102,PlayStation,5.0,N,1996,11,25,Racing, Action
490,Good,Ridge Racer [1995],/games/ridge-racer-1995/ps-173,PlayStation,7.5,N,1996,11,25,Racing,
491,Good,Shellshock,/games/shellshock/ps-177,PlayStation,7.0,N,1996,11,25,Action,
492,Good,SimCity 2000,/games/simcity-2000/ps-680,PlayStation,7.0,N,1996,11,25,Strategy,
493,Good,Street Fighter Alpha: Warriors' Dreams,/games/street-fighter-alpha/ps-181,PlayStation,7.0,N,1996,11,25,Fighting,
494,Awful,The Hive,/games/the-hive/ps-693,PlayStation,3.0,N,1996,11,25,Action,
495,Good,Loaded,/games/loaded/ps-157,PlayStation,7.5,N,1996,11,25,Shooter,
496,Unbearable,Revolution X,/games/revolution-x/ps-689,PlayStation,1.0,N,1996,11,25,Action,
497,Okay,Olympic Summer Games: Atlanta '96,/games/olympic-summer-games-atlanta-96-808731/ps-551,PlayStation,6.0,N,1996,11,25,Sports,
498,Good,NBA Live '96,/games/nba-live-96/ps-171,PlayStation,7.0,N,1996,11,25,Sports,
499,Painful,Psychic Detective,/games/psychic-detective/ps-526,PlayStation,2.0,N,1996,11,25,Adventure,
